1,Leo,HheOJ1A3mh_S0hWY88sHB
2,Leo,uPsLStrcoI31by4-MTRVQ
4,Sandy,HheOJ1A3mh_S0hWY88sHB
5,Sandy,uPsLStrcoI31by4-MTRVQ
7,Sandy,HheOJ1A3mh_S0hWY88sHB
8,Sandy,uPsLStrcoI31by4-MTRVQ
10,Sandy,HheOJ1A3mh_S0hWY88sHB
11,Sandy,uPsLStrcoI31by4-MTRVQ
13,Sandy,HheOJ1A3mh_S0hWY88sHB
14,Sandy,uPsLStrcoI31by4-MTRVQ
16,Sandy,HheOJ1A3mh_S0hWY88sHB
26,Randy,VFAlBEsuJbRRLtpcEFciZ
27,Randy,SAtie42gl8SUrBy1-caZ4
28,Randy,HheOJ1A3mh_S0hWY88sHB
29,Randy,uPsLStrcoI31by4-MTRVQ
31,Randy,HheOJ1A3mh_S0hWY88sHB
32,RSY,SAtie42gl8SUrBy1-caZ4
33,RSY,uPsLStrcoI31by4-MTRVQ
35,RSY,HheOJ1A3mh_S0hWY88sHB
36,RSY,uPsLStrcoI31by4-MTRVQ
